condition,seed,stage,env_steps,episodes,eval_return_mean,eval_return_std,success_rate,mean_steps_to_success,epsilon
reprel_none,0,0,0,0,-411.85000000000593,20.88605994437525,0.0,nan,0.75
reprel_none,0,0,20000,20,-390.850000000005,25.762909385395023,0.0,nan,0.7426
reprel_none,0,0,40000,40,-413.5000000000062,23.854768915251448,0.0,nan,0.7352
reprel_none,0,0,60000,60,-444.7500000000065,110.77448939173897,0.0,nan,0.7278
reprel_none,0,0,80000,80,-409.350000000006,26.38991284563215,0.0,nan,0.7204
reprel_none,0,0,100000,100,-405.40000000000555,29.81341979713288,0.0,nan,0.713
reprel_none,0,0,120000,120,-400.850000000006,98.06389498689374,0.0,nan,0.7056
reprel_none,0,0,140000,140,-429.4000000000068,128.2495224162673,0.0,nan,0.6982
reprel_none,0,0,160000,160,-411.0500000000058,33.909401351249464,0.0,nan,0.6908
reprel_none,0,0,180000,180,-409.9000000000059,24.965776575144925,0.0,nan,0.6834
reprel_none,0,0,200000,200,-397.7500000000056,73.51385923756341,0.0,nan,0.676
reprel_none,0,0,220000,220,-435.0500000000061,167.0004416161841,0.0,nan,0.6686
reprel_none,0,0,240000,240,-412.6000000000058,51.43481311329978,0.0,nan,0.6612
reprel_none,0,0,260000,260,-416.1500000000059,98.68803118920064,0.0,nan,0.6537999999999999
reprel_none,0,0,280000,280,-387.4400000000056,76.76925426236922,0.05,978.0,0.6464
reprel_none,0,0,300000,300,-359.5000000000042,140.82205083012033,0.0,nan,0.639
reprel_none,0,0,320000,320,-372.4000000000052,94.64058326109593,0.0,nan,0.6315999999999999
reprel_none,0,0,340000,340,-418.650000000006,52.2783655062032,0.0,nan,0.6242
reprel_none,0,0,360000,360,-362.20000000000493,135.5406212174085,0.0,nan,0.6168
reprel_none,0,0,380818,381,-408.35000000000593,95.34058684527116,0.0,nan,0.60903
reprel_none,0,0,400818,401,-460.55000000000655,188.03150666843297,0.0,nan,0.60163
reprel_none,0,0,420818,421,-394.30000000000524,103.43891917455724,0.0,nan,0.59423
reprel_none,0,0,440818,441,-403.35000000000593,77.00537318915049,0.0,nan,0.58683
reprel_none,0,0,460818,461,-364.45000000000425,131.67022252582737,0.0,nan,0.57943
reprel_none,0,0,480818,481,-463.6500000000066,158.54471766665935,0.0,nan,0.57203
reprel_none,0,0,500818,501,-431.55000000000655,158.31186784319365,0.0,nan,0.56463
reprel_none,0,0,520818,521,-471.80000000000746,201.77204960053712,0.0,nan,0.55723
reprel_none,0,0,540818,541,-418.70000000000636,109.20215199345037,0.0,nan,0.54983
reprel_none,0,0,560742,561,-462.90000000000725,169.94849219690408,0.0,nan,0.54243
reprel_none,0,0,580742,581,-413.8500000000063,32.770833068447175,0.0,nan,0.53503
reprel_none,0,0,600742,601,-374.9000000000051,114.87771759571456,0.0,nan,0.52763
reprel_none,0,0,620742,621,-396.95000000000607,42.68779099461676,0.0,nan,0.52023
reprel_none,0,0,640564,641,-373.85000000000434,182.5886839319499,0.0,nan,0.51283
reprel_none,0,0,660564,661,-465.40000000000725,169.434766208122,0.0,nan,0.50543
reprel_none,0,0,680564,681,-399.35000000000434,136.18086319303802,0.0,nan,0.49803000000000003
reprel_none,0,0,700564,701,-387.350000000006,101.78569398496423,0.0,nan,0.49063
reprel_none,0,0,720564,721,-377.3000000000051,116.40579882463298,0.0,nan,0.48323
reprel_none,0,0,740451,741,-392.80000000000535,119.37864130572478,0.0,nan,0.47583
reprel_none,0,0,760451,761,-441.00000000000654,203.6465074583929,0.0,nan,0.46843
reprel_none,0,0,780329,781,-362.1000000000043,142.52434879697222,0.0,nan,0.46103000000000005
reprel_none,0,0,800329,801,-452.400000000006,228.2146796330192,0.0,nan,0.45363
reprel_none,0,0,820912,822,-482.500000000007,247.68296267608304,0.0,nan,0.44586000000000003
reprel_none,0,0,840912,842,-370.50000000000455,127.22440803556785,0.0,nan,0.43845999999999996
reprel_none,0,0,860743,862,-377.10000000000434,203.7007363756974,0.0,nan,0.43106
reprel_none,0,0,880371,882,-450.200000000006,108.9833014732092,0.0,nan,0.42366000000000004
reprel_none,0,0,900371,902,-403.85000000000457,198.60142874612418,0.0,nan,0.41625999999999996
reprel_none,0,0,920214,922,-345.000000000004,129.24705025647935,0.0,nan,0.40886
reprel_none,0,0,940734,943,-423.350000000006,181.59935985570306,0.0,nan,0.40109000000000006
reprel_none,0,0,960734,963,-411.3000000000049,248.5502162541864,0.0,nan,0.39369
reprel_none,0,0,980734,983,-376.6500000000047,146.8735085030688,0.0,nan,0.38629
reprel_none,0,0,1000734,1003,-420.90000000000566,193.53653401877781,0.0,nan,0.37889
reprel_none,0,0,1020734,1023,-395.4000000000059,120.76936697689776,0.0,nan,0.37149
reprel_none,0,0,1040734,1043,-366.15000000000424,219.33086308133122,0.0,nan,0.36409
reprel_none,0,0,1060734,1063,-490.3000000000067,269.5715303959269,0.0,nan,0.35669
reprel_none,0,0,1080696,1083,-417.1000000000063,167.08048958511355,0.0,nan,0.34929000000000004
reprel_none,0,0,1100696,1103,-425.60000000000565,219.21801933235727,0.0,nan,0.34188999999999997
reprel_none,0,0,1120696,1123,-467.7500000000059,224.3666363343765,0.0,nan,0.33449
reprel_none,0,0,1140612,1143,-359.4000000000041,115.68768300904277,0.0,nan,0.32709000000000005
reprel_none,0,0,1160612,1163,-410.4000000000051,243.29948623045186,0.0,nan,0.31969
reprel_none,0,0,1180542,1183,-361.1000000000041,179.99719442258458,0.0,nan,0.31229
reprel_none,0,0,1200485,1203,-316.350000000003,230.7685583003086,0.0,nan,0.30489
reprel_none,0,0,1220229,1223,-448.4000000000072,164.9840598360991,0.0,nan,0.29749000000000003
reprel_none,0,0,1240585,1244,-373.15000000000475,119.61324132386393,0.0,nan,0.28972000000000003
reprel_none,0,0,1260585,1264,-454.40000000000646,291.06604061622033,0.0,nan,0.28232
reprel_none,0,0,1280463,1284,-395.60000000000446,228.89394924288072,0.0,nan,0.27492
reprel_none,0,0,1300759,1305,-402.0500000000055,186.2998859366306,0.0,nan,0.26715000000000005
reprel_none,0,0,1320759,1325,-381.70000000000465,152.78386694936572,0.0,nan,0.25975
reprel_none,0,0,1340651,1345,-439.0500000000053,206.6936077869885,0.0,nan,0.25235
reprel_none,0,0,1360651,1365,-502.7500000000065,247.40045978130811,0.0,nan,0.24495
reprel_none,0,0,1380651,1385,-403.35000000000474,259.3422979384628,0.0,nan,0.23754999999999993
reprel_none,0,0,1400651,1405,-384.95000000000545,181.9418794560554,0.0,nan,0.23014999999999997
reprel_none,0,0,1420601,1425,-491.1000000000072,253.80581159619405,0.0,nan,0.22275
reprel_none,0,0,1440542,1445,-452.1000000000048,276.8880459680451,0.0,nan,0.21535000000000004
reprel_none,0,0,1460542,1465,-438.1500000000063,228.46646909339393,0.0,nan,0.20795000000000008
reprel_none,0,0,1480215,1485,-362.1500000000052,121.30839830778828,0.0,nan,0.20055
reprel_none,0,0,1500215,1505,-369.45000000000476,140.42844263183082,0.0,nan,0.19314999999999993
